Year,Month,Quarter,Team,Amount,Count
2003,6,2,CorpFoundation,25000,1
2003,7,3,CorpFoundation,60000,2
2003,8,3,CorpFoundation,12500,1
2003,9,3,CorpFoundation,50000,1
2003,10,4,CorpFoundation,25000,1
2003,12,4,CorpFoundation,86000,3
2004,1,1,CorpFoundation,102000,2
2004,2,1,CorpFoundation,252000,4
2004,3,1,CorpFoundation,115000,2
2004,5,2,CorpFoundation,65000,2
2004,6,2,CorpFoundation,126566.35,1
2004,7,3,CorpFoundation,75300,4
2004,8,3,CorpFoundation,601000,10
2004,9,3,CorpFoundation,25000,1
2004,10,4,CorpFoundation,35500,2
2004,11,4,CorpFoundation,125000,3
2004,12,4,CorpFoundation,360302.95,10
2005,1,1,CorpFoundation,420000,7
2005,2,1,CorpFoundation,75000,4
2005,3,1,CorpFoundation,958176.07,5
2005,4,2,CorpFoundation,50000,1
2005,5,2,CorpFoundation,267916.53,9
2005,6,2,CorpFoundation,311000,14
2005,7,3,CorpFoundation,92647.26,8
2005,8,3,CorpFoundation,235000,14
2005,9,3,CorpFoundation,82150,2
2005,10,4,CorpFoundation,10000,1
2005,11,4,CorpFoundation,493000,5
2005,12,4,CorpFoundation,1041457,14
2006,1,1,CorpFoundation,505000,12
2006,2,1,CorpFoundation,148500,5
2006,3,1,CorpFoundation,1050000,8
2006,4,2,CorpFoundation,232900,5
2006,5,2,CorpFoundation,268000,2
2006,6,2,CorpFoundation,1307500,20
2006,7,3,CorpFoundation,239980.75,15
2006,8,3,CorpFoundation,356633,23
2006,9,3,CorpFoundation,198000,6
2006,10,4,CorpFoundation,938788.66,17
2006,11,4,CorpFoundation,380100,10
2006,12,4,CorpFoundation,5780665,12
2007,1,1,CorpFoundation,3098591.71,21
2007,2,1,CorpFoundation,167475.75,6
2007,3,1,CorpFoundation,714594,14
2007,4,2,CorpFoundation,569500,6
2007,5,2,CorpFoundation,278165.81,7
2007,6,2,CorpFoundation,447575,8
2007,7,3,CorpFoundation,7154004.91,34
2007,8,3,CorpFoundation,3107000,7
2007,9,3,CorpFoundation,370676.06,10
2007,10,4,CorpFoundation,122900,7
2007,11,4,CorpFoundation,260565.61,14
2007,12,4,CorpFoundation,1289951.24,21
2008,1,1,CorpFoundation,393600,16
2008,2,1,CorpFoundation,1410500.83,33
2008,3,1,CorpFoundation,370699,10
2008,4,2,CorpFoundation,326468.65,17
2008,5,2,CorpFoundation,311903.16,14
2008,6,2,CorpFoundation,1088250,11
2008,7,3,CorpFoundation,1000316.4,33
2008,8,3,CorpFoundation,280627.65,19
2008,9,3,CorpFoundation,240292.19,28
2008,10,4,CorpFoundation,2370467.02,26
2008,11,4,CorpFoundation,834359.83,60
2008,12,4,CorpFoundation,778705.69,65
2009,1,1,CorpFoundation,459213.94,31
2009,2,1,CorpFoundation,115286.52,26
2009,3,1,CorpFoundation,1267951.85,35
2009,4,2,CorpFoundation,1552095.29,30
2009,5,2,CorpFoundation,830580.37,37
2009,6,2,CorpFoundation,1548259.89,42
2009,7,3,CorpFoundation,1054432.08,32
2009,8,3,CorpFoundation,991970.77,30
2009,9,3,CorpFoundation,2919087.66,31
2009,10,4,CorpFoundation,1573605.44,37
2009,11,4,CorpFoundation,1647364.94,41
2009,12,4,CorpFoundation,1504717.05,76
2010,1,1,CorpFoundation,2794450,47
2010,2,1,CorpFoundation,707367.95,20
2010,3,1,CorpFoundation,660295.8,35
2010,4,2,CorpFoundation,375677.05,23
2010,5,2,CorpFoundation,1132586.43,30
2010,6,2,CorpFoundation,177441.61,26
2010,7,3,CorpFoundation,2352037.85,40
2010,8,3,CorpFoundation,5242813.02,44
2010,9,3,CorpFoundation,1628836.36,50
2010,10,4,CorpFoundation,2490659.94,32
2010,11,4,CorpFoundation,1407378.98,45
2010,12,4,CorpFoundation,2016328.44,78
2011,1,1,CorpFoundation,2052261.96,43
2011,2,1,CorpFoundation,499792.02,31
2011,3,1,CorpFoundation,1746640.73,45
2011,4,2,CorpFoundation,529982.46,25
2011,5,2,CorpFoundation,618790.13,33
2011,6,2,CorpFoundation,198408.01,27
2011,7,3,CorpFoundation,4212236.59,48
2011,8,3,CorpFoundation,1800647.48,63
2011,9,3,CorpFoundation,4323278.19,42
2011,10,4,CorpFoundation,3220103.85,40
2011,11,4,CorpFoundation,1674337.45,44
2011,12,4,CorpFoundation,3098634.17,64
2012,1,1,CorpFoundation,795427.43,35
2012,2,1,CorpFoundation,589165.44,19
2012,3,1,CorpFoundation,2513452.64,36
2012,4,2,CorpFoundation,1355679.59,23
2012,5,2,CorpFoundation,588806.67,13
2012,6,2,CorpFoundation,1587425,8
2012,7,3,CorpFoundation,7911224.05,31
2012,8,3,CorpFoundation,3132311.86,34
2012,9,3,CorpFoundation,4967599.96,32
2012,10,4,CorpFoundation,1004511.18,29
2012,11,4,CorpFoundation,2133813.5,38
2012,12,4,CorpFoundation,1169579.99,40
2013,1,1,CorpFoundation,837653.97,25
2013,2,1,CorpFoundation,791854.58,17
2013,3,1,CorpFoundation,856919.75,23
2013,4,2,CorpFoundation,3054813.32,21
2013,5,2,CorpFoundation,884291.92,21
2013,6,2,CorpFoundation,1190664.95,23
2013,7,3,CorpFoundation,8227454.3,26
2013,8,3,CorpFoundation,847709.99,23
2013,9,3,CorpFoundation,10094998,25
2013,10,4,CorpFoundation,2836576,36
2013,11,4,CorpFoundation,2840080.1,41
2013,12,4,CorpFoundation,2595006.95,40
2014,1,1,CorpFoundation,203946.83,13
2014,2,1,CorpFoundation,703726.05,19
2014,3,1,CorpFoundation,2200718,19
2014,4,2,CorpFoundation,140504.68,11
2014,5,2,CorpFoundation,1915735.46,19
2014,6,2,CorpFoundation,1837278,12
2014,7,3,CorpFoundation,2748954.96,29
2014,8,3,CorpFoundation,8201766.51,37
2014,9,3,CorpFoundation,15363218.47,34
2014,10,4,CorpFoundation,2382648.77,32
2014,11,4,CorpFoundation,2129655.8,34
2014,12,4,CorpFoundation,2267538.55,50
2015,1,1,CorpFoundation,1528060.16,25
2015,2,1,CorpFoundation,1415694.41,24
2015,3,1,CorpFoundation,2984714.28,19
2015,4,2,CorpFoundation,806050.02,12
2015,5,2,CorpFoundation,509631.37,18
2015,6,2,CorpFoundation,5264311.79,32
2015,7,3,CorpFoundation,5398046.58,46
2015,8,3,CorpFoundation,13796495.56,30
2015,9,3,CorpFoundation,6918680.57,34
2015,10,4,CorpFoundation,3965950.28,49
2015,11,4,CorpFoundation,4654341.89,44
2015,12,4,CorpFoundation,1922023.36,33
2016,1,1,CorpFoundation,3504093.68,30
2016,2,1,CorpFoundation,7492541.4,36
2016,3,1,CorpFoundation,6584810.18,34
2016,4,2,CorpFoundation,796766,9
2016,5,2,CorpFoundation,3176475,15
2016,6,2,CorpFoundation,234541.92,7
2016,7,3,CorpFoundation,17663530.51,45
2016,8,3,CorpFoundation,2250620.12,28
2016,9,3,CorpFoundation,5159493.6,34
2016,10,4,CorpFoundation,4855202.75,30
2016,11,4,CorpFoundation,7806677.98,30
2016,12,4,CorpFoundation,8304714.9,27
2017,1,1,CorpFoundation,1826385.19,31
2017,2,1,CorpFoundation,728499.97,20
2017,3,1,CorpFoundation,2823075.18,20
2017,4,2,CorpFoundation,3376850,15
2017,5,2,CorpFoundation,3631130.95,20
2017,6,2,CorpFoundation,3250408,15
2017,7,3,CorpFoundation,17762440.78,28
2017,8,3,CorpFoundation,5748580.54,35
2017,9,3,CorpFoundation,4733793.95,47
2017,10,4,CorpFoundation,3078395.77,37
2017,11,4,CorpFoundation,5099125.27,46
2017,12,4,CorpFoundation,4003452.39,39
2018,1,1,CorpFoundation,4055901,27
2018,2,1,CorpFoundation,3545906.97,19
2018,3,1,CorpFoundation,29068721.41,16
2018,4,2,CorpFoundation,3192459,25
2018,5,2,CorpFoundation,1603680,13
2018,6,2,CorpFoundation,6093941.7,23
2018,7,3,CorpFoundation,841087.27,22
2018,8,3,CorpFoundation,15786407.79,34
2018,9,3,CorpFoundation,8331478.94,40
2018,10,4,CorpFoundation,3085043.39,34
2018,11,4,CorpFoundation,6088076.08,43
2018,12,4,CorpFoundation,10185556.11,38
2019,1,1,CorpFoundation,2317250.86,33
2019,2,1,CorpFoundation,1255082.39,16
2019,3,1,CorpFoundation,7485749.07,22
2019,4,2,CorpFoundation,5708238.09,21
2019,5,2,CorpFoundation,4983730.14,23
2019,6,2,CorpFoundation,3893625,19
2019,7,3,CorpFoundation,2815418.37,24
2019,8,3,CorpFoundation,8574682.63,35
2019,9,3,CorpFoundation,7586724.96,41
2019,10,4,CorpFoundation,1712650.11,31
2019,11,4,CorpFoundation,3589100.82,48
2019,12,4,CorpFoundation,9818794.95,35
2020,1,1,CorpFoundation,3541312.28,20
2020,2,1,CorpFoundation,1534462.36,12
2020,3,1,CorpFoundation,5882564,19
2020,4,2,CorpFoundation,7132298.08,42
2020,5,2,CorpFoundation,9057314.33,28
2020,6,2,CorpFoundation,4451657,23
2020,7,3,CorpFoundation,12191597.4,33
2020,8,3,CorpFoundation,3377858.53,31
2020,9,3,CorpFoundation,4871068.8,35
2020,10,4,CorpFoundation,3655669.9,36
2020,11,4,CorpFoundation,5657710.97,39
2020,12,4,CorpFoundation,3493832.58,58
2021,1,1,CorpFoundation,2403929.85,31
2021,2,1,CorpFoundation,6988024.61,35
2021,3,1,CorpFoundation,3435094.78,39
2021,4,2,CorpFoundation,4892920.77,44
2021,5,2,CorpFoundation,3646473.1,33
2021,6,2,CorpFoundation,16407477.81,32
2021,7,3,CorpFoundation,18913953.05,36
2021,8,3,CorpFoundation,5494292.34,64
2021,9,3,CorpFoundation,4871132.53,69
2021,10,4,CorpFoundation,4463961.32,48
2021,11,4,CorpFoundation,12522314,56
2021,12,4,CorpFoundation,6580394,68
2022,1,1,CorpFoundation,2508404.26,34
2022,2,1,CorpFoundation,1358164.54,25
2022,3,1,CorpFoundation,1970320.65,19
2022,4,2,CorpFoundation,8693530.59,40
2022,5,2,CorpFoundation,1096678.48,35
2022,6,2,CorpFoundation,5831329.33,26
2022,7,3,CorpFoundation,17311519.72,50
2022,8,3,CorpFoundation,3786514.6,69
2022,9,3,CorpFoundation,12397541.45,63
2022,10,4,CorpFoundation,6828620.81,42
2022,11,4,CorpFoundation,3798060.72,64
2022,12,4,CorpFoundation,2945271.92,23
2023,1,1,CorpFoundation,3182171.94,23
2023,2,1,CorpFoundation,1677155,14
2023,3,1,CorpFoundation,3534318.36,20
2023,4,2,CorpFoundation,10508831.73,21
2023,5,2,CorpFoundation,1329831.78,22
2023,6,2,CorpFoundation,6283843.38,30
2023,7,3,CorpFoundation,2589755.29,19
2023,8,3,CorpFoundation,14055458.96,47
2023,9,3,CorpFoundation,2604935,28
2023,10,4,CorpFoundation,11064176.94,28
2023,11,4,CorpFoundation,4493473.62,36
2023,12,4,CorpFoundation,2442237.74,32
2024,1,1,CorpFoundation,2743356.4,16
2024,2,1,CorpFoundation,3488197.88,14
2024,3,1,CorpFoundation,3588137,15
2024,4,2,CorpFoundation,5663250,18
2024,5,2,CorpFoundation,1568600,24
2024,6,2,CorpFoundation,7997591.78,37
2024,7,3,CorpFoundation,4154263,24
2024,8,3,CorpFoundation,5394615.82,32
2024,9,3,CorpFoundation,4827410.2,36
2024,10,4,CorpFoundation,4360464,32
2024,11,4,CorpFoundation,4002406.96,29
2024,12,4,CorpFoundation,2785147,24
2025,1,1,CorpFoundation,3976953.4,20
2025,2,1,CorpFoundation,1746900,17
2025,3,1,CorpFoundation,3590000,9
2025,4,2,CorpFoundation,19731998.77,27
2025,5,2,CorpFoundation,1716700,15
2025,6,2,CorpFoundation,2947654.99,17
2025,7,3,CorpFoundation,6085753,22
2025,8,3,CorpFoundation,10353514.99,33
2025,9,3,CorpFoundation,7059941.98,33
2006,1,1,Government,5000,1
2008,2,1,Government,7058,1
2009,2,1,Government,231,1
2011,3,1,Government,50000,1
2012,9,3,Government,6000,1
2016,12,4,Government,25000,1
2020,11,4,Government,500000,1
2020,12,4,Government,823057.65,1
2021,7,3,Government,500000,1
2021,8,3,Government,1000000,1
2021,9,3,Government,8000000,1
2021,12,4,Government,12000000,1
2022,1,1,Government,6000000,1
2022,2,1,Government,13853884.96,1
2022,7,3,Government,6146115.04,1
2022,9,3,Government,126896,1
2022,10,4,Government,8000000,2
2023,7,3,Government,13609832.03,2
2023,8,3,Government,11597000,2
2023,9,3,Government,7774903.43,3
2023,10,4,Government,13580664.93,3
2023,12,4,Government,4000000,1
2024,6,2,Government,3000000,1
2024,7,3,Government,3720837,2
2024,8,3,Government,501861,2
2024,9,3,Government,1237279,2
2025,6,2,Government,3000000,1
2025,9,3,Government,3000000,1
2024,4,2,MajorGifts,150000,1
2024,6,2,MajorGifts,91200,1
2024,7,3,MajorGifts,5000,1
2024,9,3,MajorGifts,214060,5
2024,10,4,MajorGifts,350400,4
2024,11,4,MajorGifts,450000,4
2024,12,4,MajorGifts,71059.91,3
2025,1,1,MajorGifts,725000,3
2025,2,1,MajorGifts,57000,2
2025,3,1,MajorGifts,480075,7
2025,4,2,MajorGifts,1075000,2
2025,5,2,MajorGifts,445000,6
2025,6,2,MajorGifts,225000,4
2025,7,3,MajorGifts,275000,1
2025,8,3,MajorGifts,325000,4
2025,9,3,MajorGifts,210000,5
2025,9,3,Marketplace,9018118.13,0
2025,8,3,Marketplace,11734997.03,0
2025,7,3,Marketplace,4367982.39,0
2025,6,2,Marketplace,2712871.74,0
2025,5,2,Marketplace,6501140.89,0
2025,4,2,Marketplace,3752288.12,0
2025,3,1,Marketplace,5611596.81,0
2025,2,1,Marketplace,4404047.09,0
2025,1,1,Marketplace,4843505.6,0
2024,12,4,Marketplace,9365400.49,0
2024,11,4,Marketplace,4863660.02,0
2024,10,4,Marketplace,5586978.74,0
2024,9,3,Marketplace,8653545,0
2024,8,3,Marketplace,12577357.74,0
2024,7,3,Marketplace,4599927.07,0
2024,6,2,Marketplace,2805678.35,0
2024,5,2,Marketplace,6710637.01,0
2024,4,2,Marketplace,3302854.6,0
2024,3,1,Marketplace,4278026.75,0
2024,2,1,Marketplace,4913689,0
2024,1,1,Marketplace,4706452.24,0
2023,12,4,Marketplace,6527050.11,0
2023,11,4,Marketplace,8364159.53,0
2023,10,4,Marketplace,6130217.33,0
2023,9,3,Marketplace,7665534.87,0
2023,8,3,Marketplace,13368640.66,0
2023,7,3,Marketplace,4589383.31,0
2023,6,2,Marketplace,2947376.52,0
2023,5,2,Marketplace,7039693,0
2023,4,2,Marketplace,3212514.53,0
2023,3,1,Marketplace,5003941.63,0
2023,2,1,Marketplace,4698581.68,0
2023,1,1,Marketplace,4925775.7,0
2022,12,4,Marketplace,6886709.48,0
2022,11,4,Marketplace,9578773.57,0
2022,10,4,Marketplace,6498895.2,0
2022,9,3,Marketplace,8633910.63,0
2022,8,3,Marketplace,13966573.32,0
2022,7,3,Marketplace,4899031.74,0
2022,6,2,Marketplace,3284201.87,0
2022,5,2,Marketplace,7630491.15,0
2022,4,2,Marketplace,5884416.8,0
2022,3,1,Marketplace,5480223.19,0
2022,2,1,Marketplace,6049615.28,0
2022,1,1,Marketplace,5812682.12,0
2021,12,4,Marketplace,8447466.01,0
2021,11,4,Marketplace,8369348.53,0
2021,10,4,Marketplace,6815209.57,0
2021,9,3,Marketplace,9632678.77,0
2021,8,3,Marketplace,11958240.8,0
2021,7,3,Marketplace,4268064.98,0
2021,6,2,Marketplace,2479832.61,0
2021,5,2,Marketplace,6401473.08,0
2021,4,2,Marketplace,3469831.29,0
2021,3,1,Marketplace,5581184.62,0
2021,2,1,Marketplace,4462995.45,0
2021,1,1,Marketplace,3874594.58,0
2020,12,4,Marketplace,10345337.32,0
2020,11,4,Marketplace,4244297.88,0
2020,10,4,Marketplace,5737878.09,0
2020,9,3,Marketplace,10031603.38,0
2020,8,3,Marketplace,12443143,0
2020,7,3,Marketplace,4840107.11,0
2020,6,2,Marketplace,3769673.17,0
2020,5,2,Marketplace,7142500.85,0
2020,4,2,Marketplace,2399987.96,0
2020,3,1,Marketplace,5967880.5,0
2020,2,1,Marketplace,4733420.66,0
2020,1,1,Marketplace,5543923.47,0
2019,12,4,Marketplace,11913999.65,0
2019,11,4,Marketplace,5410301,0
2019,10,4,Marketplace,6595496.17,0
2019,9,3,Marketplace,6599169.5,0
2019,8,3,Marketplace,15386596.04,0
2019,7,3,Marketplace,5091039.83,0
2019,6,2,Marketplace,3233094.19,0
2019,5,2,Marketplace,6504638.78,0
2019,4,2,Marketplace,4344794.88,0
2019,3,1,Marketplace,4521431.23,0
2019,2,1,Marketplace,6446953.87,0
2019,1,1,Marketplace,5341860.66,0
2018,12,4,Marketplace,7528641.58,0
2018,11,4,Marketplace,6731845.54,0
2018,10,4,Marketplace,6757569.04,0
2018,9,3,Marketplace,8352354.58,0
2018,8,3,Marketplace,12692207.22,0
2018,7,3,Marketplace,5495432.76,0
2018,6,2,Marketplace,3488946.95,0
2018,5,2,Marketplace,5298732.91,0
2018,4,2,Marketplace,5350169.65,0
2018,3,1,Marketplace,5037252.04,0
2018,2,1,Marketplace,4185883.54,0
2018,1,1,Marketplace,6638712.14,0
2017,12,4,Marketplace,7585139.21,0
2017,11,4,Marketplace,6198861.64,0
2017,10,4,Marketplace,6276097.41,0
2017,9,3,Marketplace,6927547.71,0
2017,8,3,Marketplace,8738706.6,0
2017,7,3,Marketplace,4497329.83,0
2017,6,2,Marketplace,2566543.97,0
2017,5,2,Marketplace,3129323.21,0
2017,4,2,Marketplace,3066800.54,0
2017,3,1,Marketplace,6454384.1,0
2017,2,1,Marketplace,5207680.94,0
2017,1,1,Marketplace,4824229.71,0
2016,12,4,Marketplace,7658554.3,0
2016,11,4,Marketplace,5719204.31,0
2016,10,4,Marketplace,4967350.43,0
2016,9,3,Marketplace,7112030.92,0
2016,8,3,Marketplace,8008300.57,0
2016,7,3,Marketplace,3536166.93,0
2016,6,2,Marketplace,2208887.14,0
2016,5,2,Marketplace,2710640.5,0
2016,4,2,Marketplace,2811967.24,0
2016,3,1,Marketplace,5369188.01,0
2016,2,1,Marketplace,3470036.96,0
2016,1,1,Marketplace,2986226.05,0
2015,12,4,Marketplace,7181432.61,0
2015,11,4,Marketplace,3797281.54,0
2015,10,4,Marketplace,3991745.13,0
2015,9,3,Marketplace,5481107.72,0
2015,8,3,Marketplace,5340405.59,0
2015,7,3,Marketplace,2157699.58,0
2015,6,2,Marketplace,1674697.67,0
2015,5,2,Marketplace,2292353.84,0
2015,4,2,Marketplace,2318613.65,0
2015,3,1,Marketplace,2732587.59,0
2015,2,1,Marketplace,2886764.18,0
2015,1,1,Marketplace,2882846.45,0
2014,12,4,Marketplace,5965252.72,0
2014,11,4,Marketplace,2838108.89,0
2014,10,4,Marketplace,3405044.11,0
2014,9,3,Marketplace,4338644.07,0
2014,8,3,Marketplace,5152750.6,0
2014,7,3,Marketplace,1618105.03,0
2014,6,2,Marketplace,1241881.4,0
2014,5,2,Marketplace,1640348.04,0
2014,4,2,Marketplace,1825889.02,0
2014,3,1,Marketplace,2883164.79,0
2014,2,1,Marketplace,2200351.09,0
2014,1,1,Marketplace,2137356.45,0
2013,12,4,Marketplace,4268022.51,0
2013,11,4,Marketplace,2727411.24,0
2013,10,4,Marketplace,2617331.66,0
2013,9,3,Marketplace,3221739.35,0
2013,8,3,Marketplace,2449234.25,0
2013,7,3,Marketplace,1451567.16,0
2013,6,2,Marketplace,1101757.67,0
2013,5,2,Marketplace,1910100.58,0
2013,4,2,Marketplace,1447892.23,0
2013,3,1,Marketplace,1527312.61,0
2013,2,1,Marketplace,1985802.28,0
2013,1,1,Marketplace,1448966.85,0
2012,12,4,Marketplace,3631335.95,0
2012,11,4,Marketplace,1449800.66,0
2012,10,4,Marketplace,2424987.42,0
2012,9,3,Marketplace,1657104.59,0
2012,8,3,Marketplace,1211674.89,0
2012,7,3,Marketplace,599119.36,0
2012,6,2,Marketplace,544588.07,0
2012,5,2,Marketplace,916392.21,0
2012,4,2,Marketplace,1040097.98,0
2012,3,1,Marketplace,1961934.67,0
2012,2,1,Marketplace,1374678.79,0
2012,1,1,Marketplace,1131903.63,0
2011,12,4,Marketplace,3499871.08,0
2011,11,4,Marketplace,1181593.58,0
2011,10,4,Marketplace,1069403.38,0
2011,9,3,Marketplace,1077991.41,0
2011,8,3,Marketplace,1355730.26,0
2011,7,3,Marketplace,555317.96,0
2011,6,2,Marketplace,499940.38,0
2011,5,2,Marketplace,709077.68,0
2011,4,2,Marketplace,949433.93,0
2011,3,1,Marketplace,1129024.62,0
2011,2,1,Marketplace,998485.55,0
2011,1,1,Marketplace,907438.87,0
2010,12,4,Marketplace,2592851.47,0
2010,11,4,Marketplace,1013795.04,0
2010,10,4,Marketplace,1505193.65,0
2010,9,3,Marketplace,1259243.32,0
2010,8,3,Marketplace,735895.41,0
2010,7,3,Marketplace,364333.47,0
2010,6,2,Marketplace,284873.92,0
2010,5,2,Marketplace,366967.08,0
2010,4,2,Marketplace,522880.89,0
2010,3,1,Marketplace,748570.62,0
2010,2,1,Marketplace,610420.23,0
2010,1,1,Marketplace,717147.92,0
2009,12,4,Marketplace,2221249.87,0
2009,11,4,Marketplace,695964.29,0
2009,10,4,Marketplace,878343.24,0
2009,9,3,Marketplace,801210.34,0
2009,8,3,Marketplace,704170.1,0
2009,7,3,Marketplace,295776.65,0
2009,6,2,Marketplace,298555.61,0
2009,5,2,Marketplace,443688.11,0
2009,4,2,Marketplace,422385.51,0
2009,3,1,Marketplace,482520.02,0
2009,2,1,Marketplace,489371.9,0
2009,1,1,Marketplace,408688.58,0
2008,12,4,Marketplace,1625120.66,0
2008,11,4,Marketplace,539358.3,0
2008,10,4,Marketplace,608807.31,0
2008,9,3,Marketplace,551796.68,0
2008,8,3,Marketplace,418952.88,0
2008,7,3,Marketplace,282315.14,0
2008,6,2,Marketplace,277547.2,0
2008,5,2,Marketplace,340542,0
2008,4,2,Marketplace,520117.68,0
2008,3,1,Marketplace,555300.05,0
2008,2,1,Marketplace,436025.69,0
2008,1,1,Marketplace,551276.55,0
2007,12,4,Marketplace,1599971.42,0
2007,11,4,Marketplace,649444.4,0
2007,10,4,Marketplace,675121.7,0
2007,9,3,Marketplace,338781.87,0
2007,8,3,Marketplace,288936.59,0
2007,7,3,Marketplace,291642.58,0
2007,6,2,Marketplace,486255.4,0
2007,5,2,Marketplace,314235.68,0
2007,4,2,Marketplace,478521.27,0
2007,3,1,Marketplace,666936.63,0
2007,2,1,Marketplace,396869.23,0
2007,1,1,Marketplace,687604.95,0
2006,12,4,Marketplace,957871.8,0
2006,11,4,Marketplace,511624.48,0
2006,10,4,Marketplace,598183.62,0
2006,9,3,Marketplace,750233.08,0
2006,8,3,Marketplace,601797.52,0
2006,7,3,Marketplace,151111.71,0
2006,6,2,Marketplace,191242.22,0
2006,5,2,Marketplace,358906.48,0
2006,4,2,Marketplace,361583.44,0
2006,3,1,Marketplace,571661.22,0
2006,2,1,Marketplace,207163.04,0
2006,1,1,Marketplace,249051.94,0
2005,12,4,Marketplace,632707.37,0
2005,11,4,Marketplace,206904.11,0
2005,10,4,Marketplace,227709.89,0
2005,9,3,Marketplace,176310.51,0
2005,8,3,Marketplace,114875.91,0
2005,7,3,Marketplace,87137.43,0
2005,6,2,Marketplace,216786.94,0
2005,5,2,Marketplace,222043.4,0
2005,4,2,Marketplace,252827.82,0
2005,3,1,Marketplace,236884.46,0
2005,2,1,Marketplace,132965.71,0
2005,1,1,Marketplace,243043.85,0
2004,12,4,Marketplace,310051.79,0
2004,11,4,Marketplace,186167.95,0
2004,10,4,Marketplace,60744.09,0
2004,9,3,Marketplace,49817.77,0
2004,8,3,Marketplace,49191.45,0
2004,7,3,Marketplace,143641.32,0
2004,6,2,Marketplace,270151,0
2004,5,2,Marketplace,158358.86,0
2004,4,2,Marketplace,177528.77,0
2004,3,1,Marketplace,294258,0
2004,2,1,Marketplace,535463.32,0
2004,1,1,Marketplace,80166.49,0
2003,12,4,Marketplace,353296.6,0
2003,11,4,Marketplace,132924.5,0
2003,10,4,Marketplace,35263.6,0
2003,9,3,Marketplace,92729.34,0
2003,8,3,Marketplace,37232.71,0
2003,7,3,Marketplace,88749.6,0
2003,6,2,Marketplace,202560.24,0
2003,5,2,Marketplace,21171.73,0
2003,4,2,Marketplace,119752.96,0
2003,3,1,Marketplace,30467.73,0
2003,2,1,Marketplace,42151.88,0
2003,1,1,Marketplace,27752.05,0
2002,12,4,Marketplace,27370.51,0
2002,11,4,Marketplace,41923.23,0
2002,10,4,Marketplace,8510.29,0
2002,9,3,Marketplace,10301.45,0
2002,8,3,Marketplace,6369.9,0
2002,7,3,Marketplace,24906.5,0
2002,6,2,Marketplace,1681,0
2002,5,2,Marketplace,5918.35,0
2002,4,2,Marketplace,8704,0
2002,3,1,Marketplace,9541,0
2002,2,1,Marketplace,7610.6,0
2002,1,1,Marketplace,10723,0
2001,12,4,Marketplace,2533,0
2001,11,4,Marketplace,28128.2,0
2001,10,4,Marketplace,14577.8,0
2001,9,3,Marketplace,3295.89,0
2001,8,3,Marketplace,7044.6,0
2001,7,3,Marketplace,1555.99,0
2001,6,2,Marketplace,1190,0
2001,5,2,Marketplace,4184.35,0
2001,4,2,Marketplace,623.72,0
2001,3,1,Marketplace,4837,0
2001,2,1,Marketplace,1781.27,0
2001,1,1,Marketplace,1799.39,0